Workbook

Sheet tblNhapDiem_0_0_68_18_1
A1: Stt | B1: Mã sinh viên | C1: Họ đệm | D1: Tên | E1: Ngày sinh | F1: Lớp | G1: Chọn | H1: Lần học | I1: Lần thi | J1: CC1*0.1+GK*0.3+THI1*0.6 - CĐTN1.03.K13.08.LH.C04.1_LT | M1: TKHP | N1: Đánh giá | O1: Điểm chữ | P1: Điểm quy đổi | Q1: Xếp loại | R1: Tài khoản | S1: Thời gian
J2: CC1 | K2: GK | L2: THI1
A3: 1 | B3: 20220510 | C3: Quách Văn | D3: An | E3: 20/05/2004 | F3: DCCNTT13.10.3 | H3: 1 | I3: 1 | J3: =VLOOKUP(B3,[1]Điểm!$B$2:$G$68,5,0) -> 9 | K3: =VLOOKUP(B3,[1]Điểm!$B$2:$G$68,6,0) -> 6.5
A4: 2 | B4: 20222259 | C4: Đặng Thị Kim | D4: Anh | E4: 02/08/2003 | F4: DCCNTT13.10.12 | H4: 1 | I4: 1 | J4: =VLOOKUP(B4,[1]Điểm!$B$2:$G$68,5,0) -> 9.5 | K4: =VLOOKUP(B4,[1]Điểm!$B$2:$G$68,6,0) -> 7
A5: 3 | B5: 20222316 | C5: Doãn Ngọc | D5: Ánh | E5: 22/10/2004 | F5: DCCNTT13.10.12 | H5: 1 | I5: 1 | J5: =VLOOKUP(B5,[1]Điểm!$B$2:$G$68,5,0) -> 9.5 | K5: =VLOOKUP(B5,[1]Điểm!$B$2:$G$68,6,0) -> 7
A6: 4 | B6: 20220704 | C6: Dương Lý | D6: Bình | E6: 08/10/2004 | F6: DCCNTT13.10.4 | H6: 1 | I6: 1 | J6: =VLOOKUP(B6,[1]Điểm!$B$2:$G$68,5,0) -> 9 | K6: =VLOOKUP(B6,[1]Điểm!$B$2:$G$68,6,0) -> 7.5
A7: 5 | B7: 20220997 | C7: Nguyễn Thị An | D7: Bình | E7: 15/10/2004 | F7: DCCNTT13.10.6 | H7: 1 | I7: 1 | J7: =VLOOKUP(B7,[1]Điểm!$B$2:$G$68,5,0) -> 9 | K7: =VLOOKUP(B7,[1]Điểm!$B$2:$G$68,6,0) -> 7
A8: 6 | B8: 20220489 | C8: Quách Chân | D8: Chính | E8: 07/09/2002 | F8: DCCNTT13.10.3 | H8: 1 | I8: 1 | J8: =VLOOKUP(B8,[1]Điểm!$B$2:$G$68,5,0) -> 9 | K8: =VLOOKUP(B8,[1]Điểm!$B$2:$G$68,6,0) -> 7
A9: 7 | B9: 20224282 | C9: Cao Văn | D9: Cường | E9: 28/07/2003 | F9: DCCNTT13.10.21 | H9: 1 | I9: 1 | J9: =VLOOKUP(B9,[1]Điểm!$B$2:$G$68,5,0) -> 10 | K9: =VLOOKUP(B9,[1]Điểm!$B$2:$G$68,6,0) -> 8.5
A10: 8 | B10: 20221006 | C10: Nguyễn Tấn | D10: Dũng | E10: 08/10/2004 | F10: DCCNTT13.10.6 | H10: 1 | I10: 1 | J10: =VLOOKUP(B10,[1]Điểm!$B$2:$G$68,5,0) -> 9 | K10: =VLOOKUP(B10,[1]Điểm!$B$2:$G$68,6,0) -> 7.5
A11: 9 | B11: 20224117 | C11: Nguyễn Thế | D11: Dũng | E11: 25/03/2004 | F11: DCCNTT13.10.22 | H11: 1 | I11: 1 | J11: =VLOOKUP(B11,[1]Điểm!$B$2:$G$68,5,0) -> 9.5 | K11: =VLOOKUP(B11,[1]Điểm!$B$2:$G$68,6,0) -> 7.5
A12: 10 | B12: 20220794 | C12: Hoàng Minh | D12: Duy | E12: 25/05/2004 | F12: DCCNTT13.10.5 | H12: 1 | I12: 1 | J12: =VLOOKUP(B12,[1]Điểm!$B$2:$G$68,5,0) -> 9 | K12: =VLOOKUP(B12,[1]Điểm!$B$2:$G$68,6,0) -> 7
A13: 11 | B13: 20220995 | C13: Nguyễn Văn | D13: Duy | E13: 03/08/2004 | F13: DCCNTT13.10.6 | H13: 1 | I13: 1 | J13: =VLOOKUP(B13,[1]Điểm!$B$2:$G$68,5,0) -> 9.5 | K13: =VLOOKUP(B13,[1]Điểm!$B$2:$G$68,6,0) -> 7.5
A14: 12 | B14: 20222541 | C14: Lê Nho | D14: Dương | E14: 20/07/2004 | F14: DCCNTT13.10.9 | H14: 1 | I14: 1 | J14: =VLOOKUP(B14,[1]Điểm!$B$2:$G$68,5,0) -> 8.5 | K14: =VLOOKUP(B14,[1]Điểm!$B$2:$G$68,6,0) -> 8
... A69: 67 | B69: 20220449 | C69: Nguyễn Quốc | D69: Vượng | E69: 08/01/2004 | F69: DCCNTT13.10.3 | H69: 1 | I69: 1 | J69: =VLOOKUP(B69,[1]Điểm!$B$2:$G$68,5,0) -> 9.5 | K69: =VLOOKUP(B69,[1]Điểm!$B$2:$G$68,6,0) -> 6.5
