Workbook

Sheet tblNhapDiem_0_0_238_18_1
A1: Stt | B1: Mã sinh viên | C1: Họ đệm | D1: Tên | E1: Ngày sinh | F1: Lớp | G1: Chọn | H1: Lần học | I1: Lần thi | J1: CC1*0.1+GK*0.3+THI1*0.6 - TTHCM.01.K15.02.LT.C02C21C16.1_LT | M1: TKHP | N1: Đánh giá | O1: Điểm chữ | P1: Điểm quy đổi | Q1: Xếp loại | R1: Tài khoản | S1: Thời gian
J2: CC1 | K2: GK | L2: THI1
A3: 1 | B3: 24000731 | C3: Bùi Hoàng | D3: Anh | E3: 12/07/2006 | F3: DCQT.15.1 | H3: 1 | I3: 1 | J3: =IF(K3>=9,"10",IF(K3>=7,"9.0",IF(K3>=5,"8.0",IF(K3<=4.9,"0")))) -> 9.0 | K3: =VLOOKUP(B3,[1]Điểm_số!$A$2:$K$2428,11,0) -> 8.1666667
A4: 2 | B4: 24002326 | C4: Bùi Thị Diệp | D4: Anh | E4: 23/10/2006 | F4: DCQT.15.2 | H4: 1 | I4: 1 | J4: =IF(K4>=9,"10",IF(K4>=7,"9.0",IF(K4>=5,"8.0",IF(K4<=4.9,"0")))) -> 10 | K4: =VLOOKUP(B4,[1]Điểm_số!$A$2:$K$2428,11,0) -> 9.3333333
A5: 3 | B5: 24002800 | C5: Cấn Thị Vân | D5: Anh | E5: 21/05/2006 | F5: DCQT.15.3 | H5: 1 | I5: 1 | J5: =IF(K5>=9,"10",IF(K5>=7,"9.0",IF(K5>=5,"8.0",IF(K5<=4.9,"0")))) -> 9.0 | K5: =VLOOKUP(B5,[1]Điểm_số!$A$2:$K$2428,11,0) -> 8.25
A6: 4 | B6: 24001421 | C6: Đinh Ngọc | D6: Anh | E6: 14/10/2006 | F6: DCQT.15.1 | H6: 1 | I6: 1 | J6: =IF(K6>=9,"10",IF(K6>=7,"9.0",IF(K6>=5,"8.0",IF(K6<=4.9,"0")))) -> 9.0 | K6: =VLOOKUP(B6,[1]Điểm_số!$A$2:$K$2428,11,0) -> 7.6666667
A7: 5 | B7: 24003132 | C7: Đỗ Hà | D7: Anh | E7: 26/11/2006 | F7: DCQT.15.3 | H7: 1 | I7: 1 | J7: =IF(K7>=9,"10",IF(K7>=7,"9.0",IF(K7>=5,"8.0",IF(K7<=4.9,"0")))) -> 9.0 | K7: =VLOOKUP(B7,[1]Điểm_số!$A$2:$K$2428,11,0) -> 8.4166667
A8: 6 | B8: 24003755 | C8: Hồ Hoài | D8: Anh | E8: 21/08/2006 | F8: DCKTACCA.15 | H8: 1 | I8: 1 | J8: =IF(K8>=9,"10",IF(K8>=7,"9.0",IF(K8>=5,"8.0",IF(K8<=4.9,"0")))) -> 9.0 | K8: =VLOOKUP(B8,[1]Điểm_số!$A$2:$K$2428,11,0) -> 8.4166667
A9: 7 | B9: 24003379 | C9: Ngô Huyền | D9: Anh | E9: 03/03/2006 | F9: DCQTM.15.8 | H9: 1 | I9: 1 | J9: =IF(K9>=9,"10",IF(K9>=7,"9.0",IF(K9>=5,"8.0",IF(K9<=4.9,"0")))) -> 9.0 | K9: =VLOOKUP(B9,[1]Điểm_số!$A$2:$K$2428,11,0) -> 8.25
A10: 8 | B10: 24001563 | C10: Nguyễn Huyền | D10: Anh | E10: 09/05/2006 | F10: DCQT.15.2 | H10: 1 | I10: 1 | J10: =IF(K10>=9,"10",IF(K10>=7,"9.0",IF(K10>=5,"8.0",IF(K10<=4.9,"0")))) -> 10 | K10: =VLOOKUP(B10,[1]Điểm_số!$A$2:$K$2428,11,0) -> 9.1666667
A11: 9 | B11: 24001154 | C11: Nguyễn Ngọc | D11: Anh | E11: 20/08/2006 | F11: DCQT.15.1 | H11: 1 | I11: 1 | J11: =IF(K11>=9,"10",IF(K11>=7,"9.0",IF(K11>=5,"8.0",IF(K11<=4.9,"0")))) -> 9.0 | K11: =VLOOKUP(B11,[1]Điểm_số!$A$2:$K$2428,11,0) -> 8.5
A12: 10 | B12: 24003420 | C12: Nguyễn Thị Minh | D12: Anh | E12: 04/08/2006 | F12: DCQTM.15.8 | H12: 1 | I12: 1 | J12: =IF(K12>=9,"10",IF(K12>=7,"9.0",IF(K12>=5,"8.0",IF(K12<=4.9,"0")))) -> 9.0 | K12: =VLOOKUP(B12,[1]Điểm_số!$A$2:$K$2428,11,0) -> 8.5
A13: 11 | B13: 24000006 | C13: Nguyễn Thị Ngọc | D13: Anh | E13: 01/08/2003 | F13: DCQT.15.1 | H13: 1 | I13: 1 | J13: =IF(K13>=9,"10",IF(K13>=7,"9.0",IF(K13>=5,"8.0",IF(K13<=4.9,"0")))) -> 9.0 | K13: =VLOOKUP(B13,[1]Điểm_số!$A$2:$K$2428,11,0) -> 7.8333333
A14: 12 | B14: 24000466 | C14: Nguyễn Tuấn | D14: Anh | E14: 26/02/2006 | F14: DCQT.15.1 | H14: 1 | I14: 1 | J14: =IF(K14>=9,"10",IF(K14>=7,"9.0",IF(K14>=5,"8.0",IF(K14<=4.9,"0")))) -> 9.0 | K14: =VLOOKUP(B14,[1]Điểm_số!$A$2:$K$2428,11,0) -> 8.4166667
... A239: 237 | B239: 24003530 | C239: Trần Thị | D239: Yến | E239: 11/10/2005 | F239: DCKTACCA.15 | H239: 1 | I239: 1 | J239: =IF(K239>=9,"10",IF(K239>=7,"9.0",IF(K239>=5,"8.0",IF(K239<=4.9,"0")))) -> 9.0 | K239: =VLOOKUP(B239,[1]Điểm_số!$A$2:$K$2428,11,0) -> 8.8333333
